<Anims>
 <anim name="item_maxuses" root="ksfun_power_gem" numframes="200" framerate="40">
  <frame idx="0" w="330" h="330" x="0.000000" y="0.000000">
   <element name="low" layername="kfun_gem_maxuses" frame="0" z_index="1" m_a="1.000000" m_b="0.000000" m_c="0.000000" m_d="1.000000" m_tx="0.000000" m_ty="0.000000"/>
  </frame>
  <frame idx="25" w="330" h="330" x="0.000000" y="0.000000">
   <element name="low" layername="kfun_gem_maxuses" frame="0" z_index="1" m_a="1.000000" m_b="0.000000" m_c="0.000000" m_d="1.000000" m_tx="0.000000" m_ty="0.000000"/>
  </frame>
  <frame idx="50" w="330" h="330" x="0.000000" y="0.000000">
   <element name="low" layername="kfun_gem_maxuses" frame="0" z_index="1" m_a="1.000000" m_b="0.000000" m_c="0.000000" m_d="1.000000" m_tx="0.000000" m_ty="0.000000"/>
  </frame>
  <frame idx="75" w="330" h="330" x="0.000000" y="0.000000">
   <element name="low" layername="kfun_gem_maxuses" frame="0" z_index="1" m_a="1.000000" m_b="0.000000" m_c="0.000000" m_d="1.000000" m_tx="0.000000" m_ty="0.000000"/>
  </frame>
  <frame idx="100" w="330" h="330" x="0.000000" y="0.000000">
   <element name="low" layername="kfun_gem_maxuses" frame="0" z_index="1" m_a="1.000000" m_b="0.000000" m_c="0.000000" m_d="1.000000" m_tx="0.000000" m_ty="0.000000"/>
  </frame>
  <frame idx="125" w="330" h="330" x="0.000000" y="0.000000">
   <element name="low" layername="kfun_gem_maxuses" frame="0" z_index="1" m_a="1.000000" m_b="0.000000" m_c="0.000000" m_d="1.000000" m_tx="0.000000" m_ty="0.000000"/>
  </frame>
  <frame idx="150" w="330" h="330" x="0.000000" y="0.000000">
   <element name="low" layername="kfun_gem_maxuses" frame="0" z_index="1" m_a="1.000000" m_b="0.000000" m_c="0.000000" m_d="1.000000" m_tx="0.000000" m_ty="0.000000"/>
  </frame>
  <frame idx="175" w="330" h="330" x="0.000000" y="0.000000">
   <element name="low" layername="kfun_gem_maxuses" frame="0" z_index="1" m_a="1.000000" m_b="0.000000" m_c="0.000000" m_d="1.000000" m_tx="0.000000" m_ty="0.000000"/>
  </frame>
 </anim>
</Anims>
