<Anims>
 <anim name="item_maxuses" root="ksfun_power_gem" numframes="200" framerate="40">
  <frame idx="0" w="110" h="110" x="0.000000" y="0.000000">
   <element name="low" layername="kfun_gem_maxuses" frame="0" z_index="9" m_a="1.000000" m_b="0.000000" m_c="0.000000" m_d="1.000000" m_tx="0.000000" m_ty="0.000000"/>
  </frame>
  <frame idx="25" w="110" h="110" x="0.000000" y="0.000000">
   <element name="low" layername="kfun_gem_maxuses" frame="0" z_index="9" m_a="1.000000" m_b="0.000000" m_c="0.000000" m_d="1.000000" m_tx="0.000000" m_ty="0.000000"/>
  </frame>
  <frame idx="50" w="110" h="110" x="0.000000" y="0.000000">
   <element name="low" layername="kfun_gem_maxuses" frame="0" z_index="9" m_a="1.000000" m_b="0.000000" m_c="0.000000" m_d="1.000000" m_tx="0.000000" m_ty="0.000000"/>
  </frame>
  <frame idx="75" w="110" h="110" x="0.000000" y="0.000000">
   <element name="low" layername="kfun_gem_maxuses" frame="0" z_index="9" m_a="1.000000" m_b="0.000000" m_c="0.000000" m_d="1.000000" m_tx="0.000000" m_ty="0.000000"/>
  </frame>
  <frame idx="100" w="110" h="110" x="0.000000" y="0.000000">
   <element name="low" layername="kfun_gem_maxuses" frame="0" z_index="9" m_a="1.000000" m_b="0.000000" m_c="0.000000" m_d="1.000000" m_tx="0.000000" m_ty="0.000000"/>
  </frame>
  <frame idx="125" w="110" h="110" x="0.000000" y="0.000000">
   <element name="low" layername="kfun_gem_maxuses" frame="0" z_index="9" m_a="1.000000" m_b="0.000000" m_c="0.000000" m_d="1.000000" m_tx="0.000000" m_ty="0.000000"/>
  </frame>
  <frame idx="150" w="110" h="110" x="0.000000" y="0.000000">
   <element name="low" layername="kfun_gem_maxuses" frame="0" z_index="9" m_a="1.000000" m_b="0.000000" m_c="0.000000" m_d="1.000000" m_tx="0.000000" m_ty="0.000000"/>
  </frame>
  <frame idx="175" w="110" h="110" x="0.000000" y="0.000000">
   <element name="low" layername="kfun_gem_maxuses" frame="0" z_index="9" m_a="1.000000" m_b="0.000000" m_c="0.000000" m_d="1.000000" m_tx="0.000000" m_ty="0.000000"/>
  </frame>
 </anim>
 <anim name="item_aoe" root="ksfun_power_gem" numframes="200" framerate="40">
  <frame idx="0" w="110" h="110" x="0.000000" y="0.000000">
   <element name="low" layername="ksfun_gem_item_aoe" frame="8" z_index="9" m_a="1.000000" m_b="0.000000" m_c="0.000000" m_d="1.000000" m_tx="0.000000" m_ty="0.000000"/>
  </frame>
  <frame idx="25" w="110" h="110" x="0.000000" y="0.000000">
   <element name="low" layername="ksfun_gem_item_aoe" frame="8" z_index="9" m_a="1.000000" m_b="0.000000" m_c="0.000000" m_d="1.000000" m_tx="0.000000" m_ty="0.000000"/>
  </frame>
  <frame idx="50" w="110" h="110" x="0.000000" y="0.000000">
   <element name="low" layername="ksfun_gem_item_aoe" frame="8" z_index="9" m_a="1.000000" m_b="0.000000" m_c="0.000000" m_d="1.000000" m_tx="0.000000" m_ty="0.000000"/>
  </frame>
  <frame idx="75" w="110" h="110" x="0.000000" y="0.000000">
   <element name="low" layername="ksfun_gem_item_aoe" frame="8" z_index="9" m_a="1.000000" m_b="0.000000" m_c="0.000000" m_d="1.000000" m_tx="0.000000" m_ty="0.000000"/>
  </frame>
  <frame idx="100" w="110" h="110" x="0.000000" y="0.000000">
   <element name="low" layername="ksfun_gem_item_aoe" frame="8" z_index="9" m_a="1.000000" m_b="0.000000" m_c="0.000000" m_d="1.000000" m_tx="0.000000" m_ty="0.000000"/>
  </frame>
  <frame idx="125" w="110" h="110" x="0.000000" y="0.000000">
   <element name="low" layername="ksfun_gem_item_aoe" frame="8" z_index="9" m_a="1.000000" m_b="0.000000" m_c="0.000000" m_d="1.000000" m_tx="0.000000" m_ty="0.000000"/>
  </frame>
  <frame idx="150" w="110" h="110" x="0.000000" y="0.000000">
   <element name="low" layername="ksfun_gem_item_aoe" frame="8" z_index="9" m_a="1.000000" m_b="0.000000" m_c="0.000000" m_d="1.000000" m_tx="0.000000" m_ty="0.000000"/>
  </frame>
  <frame idx="175" w="110" h="110" x="0.000000" y="0.000000">
   <element name="low" layername="ksfun_gem_item_aoe" frame="8" z_index="9" m_a="1.000000" m_b="0.000000" m_c="0.000000" m_d="1.000000" m_tx="0.000000" m_ty="0.000000"/>
  </frame>
 </anim>
 <anim name="item_waterproofer" root="ksfun_power_gem" numframes="200" framerate="40">
  <frame idx="0" w="110" h="110" x="0.000000" y="0.000000">
   <element name="low" layername="ksfun_gem_waterproof" frame="1" z_index="9" m_a="1.000000" m_b="0.000000" m_c="0.000000" m_d="1.000000" m_tx="0.000000" m_ty="0.000000"/>
  </frame>
  <frame idx="25" w="110" h="110" x="0.000000" y="0.000000">
   <element name="low" layername="ksfun_gem_waterproof" frame="1" z_index="9" m_a="1.000000" m_b="0.000000" m_c="0.000000" m_d="1.000000" m_tx="0.000000" m_ty="0.000000"/>
  </frame>
  <frame idx="50" w="110" h="110" x="0.000000" y="0.000000">
   <element name="low" layername="ksfun_gem_waterproof" frame="1" z_index="9" m_a="1.000000" m_b="0.000000" m_c="0.000000" m_d="1.000000" m_tx="0.000000" m_ty="0.000000"/>
  </frame>
  <frame idx="75" w="110" h="110" x="0.000000" y="0.000000">
   <element name="low" layername="ksfun_gem_waterproof" frame="1" z_index="9" m_a="1.000000" m_b="0.000000" m_c="0.000000" m_d="1.000000" m_tx="0.000000" m_ty="0.000000"/>
  </frame>
  <frame idx="100" w="110" h="110" x="0.000000" y="0.000000">
   <element name="low" layername="ksfun_gem_waterproof" frame="1" z_index="9" m_a="1.000000" m_b="0.000000" m_c="0.000000" m_d="1.000000" m_tx="0.000000" m_ty="0.000000"/>
  </frame>
  <frame idx="125" w="110" h="110" x="0.000000" y="0.000000">
   <element name="low" layername="ksfun_gem_waterproof" frame="1" z_index="9" m_a="1.000000" m_b="0.000000" m_c="0.000000" m_d="1.000000" m_tx="0.000000" m_ty="0.000000"/>
  </frame>
  <frame idx="150" w="110" h="110" x="0.000000" y="0.000000">
   <element name="low" layername="ksfun_gem_waterproof" frame="1" z_index="9" m_a="1.000000" m_b="0.000000" m_c="0.000000" m_d="1.000000" m_tx="0.000000" m_ty="0.000000"/>
  </frame>
  <frame idx="175" w="110" h="110" x="0.000000" y="0.000000">
   <element name="low" layername="ksfun_gem_waterproof" frame="1" z_index="9" m_a="1.000000" m_b="0.000000" m_c="0.000000" m_d="1.000000" m_tx="0.000000" m_ty="0.000000"/>
  </frame>
 </anim>
 <anim name="item_mine" root="ksfun_power_gem" numframes="200" framerate="40">
  <frame idx="0" w="110" h="110" x="0.000000" y="0.000000">
   <element name="low" layername="ksfun_gem_mine" frame="2" z_index="9" m_a="1.000000" m_b="0.000000" m_c="0.000000" m_d="1.000000" m_tx="0.000000" m_ty="0.000000"/>
  </frame>
  <frame idx="25" w="110" h="110" x="0.000000" y="0.000000">
   <element name="low" layername="ksfun_gem_mine" frame="2" z_index="9" m_a="1.000000" m_b="0.000000" m_c="0.000000" m_d="1.000000" m_tx="0.000000" m_ty="0.000000"/>
  </frame>
  <frame idx="50" w="110" h="110" x="0.000000" y="0.000000">
   <element name="low" layername="ksfun_gem_mine" frame="2" z_index="9" m_a="1.000000" m_b="0.000000" m_c="0.000000" m_d="1.000000" m_tx="0.000000" m_ty="0.000000"/>
  </frame>
  <frame idx="75" w="110" h="110" x="0.000000" y="0.000000">
   <element name="low" layername="ksfun_gem_mine" frame="2" z_index="9" m_a="1.000000" m_b="0.000000" m_c="0.000000" m_d="1.000000" m_tx="0.000000" m_ty="0.000000"/>
  </frame>
  <frame idx="100" w="110" h="110" x="0.000000" y="0.000000">
   <element name="low" layername="ksfun_gem_mine" frame="2" z_index="9" m_a="1.000000" m_b="0.000000" m_c="0.000000" m_d="1.000000" m_tx="0.000000" m_ty="0.000000"/>
  </frame>
  <frame idx="125" w="110" h="110" x="0.000000" y="0.000000">
   <element name="low" layername="ksfun_gem_mine" frame="2" z_index="9" m_a="1.000000" m_b="0.000000" m_c="0.000000" m_d="1.000000" m_tx="0.000000" m_ty="0.000000"/>
  </frame>
  <frame idx="150" w="110" h="110" x="0.000000" y="0.000000">
   <element name="low" layername="ksfun_gem_mine" frame="2" z_index="9" m_a="1.000000" m_b="0.000000" m_c="0.000000" m_d="1.000000" m_tx="0.000000" m_ty="0.000000"/>
  </frame>
  <frame idx="175" w="110" h="110" x="0.000000" y="0.000000">
   <element name="low" layername="ksfun_gem_mine" frame="2" z_index="9" m_a="1.000000" m_b="0.000000" m_c="0.000000" m_d="1.000000" m_tx="0.000000" m_ty="0.000000"/>
  </frame>
 </anim>
 <anim name="item_lifesteal" root="ksfun_power_gem" numframes="200" framerate="40">
  <frame idx="0" w="110" h="110" x="0.000000" y="0.000000">
   <element name="low" layername="ksfun_gem_lifesteal" frame="3" z_index="9" m_a="1.000000" m_b="0.000000" m_c="0.000000" m_d="1.000000" m_tx="0.000000" m_ty="0.000000"/>
  </frame>
  <frame idx="25" w="110" h="110" x="0.000000" y="0.000000">
   <element name="low" layername="ksfun_gem_lifesteal" frame="3" z_index="9" m_a="1.000000" m_b="0.000000" m_c="0.000000" m_d="1.000000" m_tx="0.000000" m_ty="0.000000"/>
  </frame>
  <frame idx="50" w="110" h="110" x="0.000000" y="0.000000">
   <element name="low" layername="ksfun_gem_lifesteal" frame="3" z_index="9" m_a="1.000000" m_b="0.000000" m_c="0.000000" m_d="1.000000" m_tx="0.000000" m_ty="0.000000"/>
  </frame>
  <frame idx="75" w="110" h="110" x="0.000000" y="0.000000">
   <element name="low" layername="ksfun_gem_lifesteal" frame="3" z_index="9" m_a="1.000000" m_b="0.000000" m_c="0.000000" m_d="1.000000" m_tx="0.000000" m_ty="0.000000"/>
  </frame>
  <frame idx="100" w="110" h="110" x="0.000000" y="0.000000">
   <element name="low" layername="ksfun_gem_lifesteal" frame="3" z_index="9" m_a="1.000000" m_b="0.000000" m_c="0.000000" m_d="1.000000" m_tx="0.000000" m_ty="0.000000"/>
  </frame>
  <frame idx="125" w="110" h="110" x="0.000000" y="0.000000">
   <element name="low" layername="ksfun_gem_lifesteal" frame="3" z_index="9" m_a="1.000000" m_b="0.000000" m_c="0.000000" m_d="1.000000" m_tx="0.000000" m_ty="0.000000"/>
  </frame>
  <frame idx="150" w="110" h="110" x="0.000000" y="0.000000">
   <element name="low" layername="ksfun_gem_lifesteal" frame="3" z_index="9" m_a="1.000000" m_b="0.000000" m_c="0.000000" m_d="1.000000" m_tx="0.000000" m_ty="0.000000"/>
  </frame>
  <frame idx="175" w="110" h="110" x="0.000000" y="0.000000">
   <element name="low" layername="ksfun_gem_lifesteal" frame="3" z_index="9" m_a="1.000000" m_b="0.000000" m_c="0.000000" m_d="1.000000" m_tx="0.000000" m_ty="0.000000"/>
  </frame>
 </anim>
 <anim name="item_insulator" root="ksfun_power_gem" numframes="200" framerate="40">
  <frame idx="0" w="116" h="110" x="5.000000" y="0.000000">
   <element name="low" layername="ksfun_gem_insulator" frame="4" z_index="9" m_a="1.100000" m_b="0.000000" m_c="0.000000" m_d="1.000000" m_tx="0.000000" m_ty="0.000000"/>
  </frame>
  <frame idx="25" w="116" h="110" x="5.000000" y="0.000000">
   <element name="low" layername="ksfun_gem_insulator" frame="4" z_index="9" m_a="1.100000" m_b="0.000000" m_c="0.000000" m_d="1.000000" m_tx="0.000000" m_ty="0.000000"/>
  </frame>
  <frame idx="50" w="116" h="110" x="5.000000" y="0.000000">
   <element name="low" layername="ksfun_gem_insulator" frame="4" z_index="9" m_a="1.100000" m_b="0.000000" m_c="0.000000" m_d="1.000000" m_tx="0.000000" m_ty="0.000000"/>
  </frame>
  <frame idx="75" w="116" h="110" x="5.000000" y="0.000000">
   <element name="low" layername="ksfun_gem_insulator" frame="4" z_index="9" m_a="1.100000" m_b="0.000000" m_c="0.000000" m_d="1.000000" m_tx="0.000000" m_ty="0.000000"/>
  </frame>
  <frame idx="100" w="116" h="110" x="5.000000" y="0.000000">
   <element name="low" layername="ksfun_gem_insulator" frame="4" z_index="9" m_a="1.100000" m_b="0.000000" m_c="0.000000" m_d="1.000000" m_tx="0.000000" m_ty="0.000000"/>
  </frame>
  <frame idx="125" w="116" h="110" x="5.000000" y="0.000000">
   <element name="low" layername="ksfun_gem_insulator" frame="4" z_index="9" m_a="1.100000" m_b="0.000000" m_c="0.000000" m_d="1.000000" m_tx="0.000000" m_ty="0.000000"/>
  </frame>
  <frame idx="150" w="116" h="110" x="5.000000" y="0.000000">
   <element name="low" layername="ksfun_gem_insulator" frame="4" z_index="9" m_a="1.100000" m_b="0.000000" m_c="0.000000" m_d="1.000000" m_tx="0.000000" m_ty="0.000000"/>
  </frame>
  <frame idx="175" w="116" h="110" x="5.000000" y="0.000000">
   <element name="low" layername="ksfun_gem_insulator" frame="4" z_index="9" m_a="1.100000" m_b="0.000000" m_c="0.000000" m_d="1.000000" m_tx="0.000000" m_ty="0.000000"/>
  </frame>
 </anim>
 <anim name="item_dapperness" root="ksfun_power_gem" numframes="200" framerate="40">
  <frame idx="0" w="110" h="110" x="0.000000" y="0.000000">
   <element name="low" layername="ksfun_gem_dapperness" frame="5" z_index="9" m_a="1.000000" m_b="0.000000" m_c="0.000000" m_d="1.000000" m_tx="0.000000" m_ty="0.000000"/>
  </frame>
  <frame idx="25" w="110" h="110" x="0.000000" y="0.000000">
   <element name="low" layername="ksfun_gem_dapperness" frame="5" z_index="9" m_a="1.000000" m_b="0.000000" m_c="0.000000" m_d="1.000000" m_tx="0.000000" m_ty="0.000000"/>
  </frame>
  <frame idx="50" w="110" h="110" x="0.000000" y="0.000000">
   <element name="low" layername="ksfun_gem_dapperness" frame="5" z_index="9" m_a="1.000000" m_b="0.000000" m_c="0.000000" m_d="1.000000" m_tx="0.000000" m_ty="0.000000"/>
  </frame>
  <frame idx="75" w="110" h="110" x="0.000000" y="0.000000">
   <element name="low" layername="ksfun_gem_dapperness" frame="5" z_index="9" m_a="1.000000" m_b="0.000000" m_c="0.000000" m_d="1.000000" m_tx="0.000000" m_ty="0.000000"/>
  </frame>
  <frame idx="100" w="110" h="110" x="0.000000" y="0.000000">
   <element name="low" layername="ksfun_gem_dapperness" frame="5" z_index="9" m_a="1.000000" m_b="0.000000" m_c="0.000000" m_d="1.000000" m_tx="0.000000" m_ty="0.000000"/>
  </frame>
  <frame idx="125" w="110" h="110" x="0.000000" y="0.000000">
   <element name="low" layername="ksfun_gem_dapperness" frame="5" z_index="9" m_a="1.000000" m_b="0.000000" m_c="0.000000" m_d="1.000000" m_tx="0.000000" m_ty="0.000000"/>
  </frame>
  <frame idx="150" w="110" h="110" x="0.000000" y="0.000000">
   <element name="low" layername="ksfun_gem_dapperness" frame="5" z_index="9" m_a="1.000000" m_b="0.000000" m_c="0.000000" m_d="1.000000" m_tx="0.000000" m_ty="0.000000"/>
  </frame>
  <frame idx="175" w="110" h="110" x="0.000000" y="0.000000">
   <element name="low" layername="ksfun_gem_dapperness" frame="5" z_index="9" m_a="1.000000" m_b="0.000000" m_c="0.000000" m_d="1.000000" m_tx="0.000000" m_ty="0.000000"/>
  </frame>
 </anim>
 <anim name="item_damage" root="ksfun_power_gem" numframes="200" framerate="40">
  <frame idx="0" w="110" h="110" x="0.000000" y="0.000000">
   <element name="low" layername="ksfun_gem_damage_low" frame="6" z_index="9" m_a="1.000000" m_b="0.000000" m_c="0.000000" m_d="1.000000" m_tx="0.000000" m_ty="0.000000"/>
  </frame>
  <frame idx="25" w="110" h="110" x="0.000000" y="0.000000">
   <element name="low" layername="ksfun_gem_damage_low" frame="6" z_index="9" m_a="1.000000" m_b="0.000000" m_c="0.000000" m_d="1.000000" m_tx="0.000000" m_ty="0.000000"/>
  </frame>
  <frame idx="50" w="110" h="110" x="0.000000" y="0.000000">
   <element name="low" layername="ksfun_gem_damage_low" frame="6" z_index="9" m_a="1.000000" m_b="0.000000" m_c="0.000000" m_d="1.000000" m_tx="0.000000" m_ty="0.000000"/>
  </frame>
  <frame idx="75" w="110" h="110" x="0.000000" y="0.000000">
   <element name="low" layername="ksfun_gem_damage_low" frame="6" z_index="9" m_a="1.000000" m_b="0.000000" m_c="0.000000" m_d="1.000000" m_tx="0.000000" m_ty="0.000000"/>
  </frame>
  <frame idx="100" w="110" h="110" x="0.000000" y="0.000000">
   <element name="low" layername="ksfun_gem_damage_low" frame="6" z_index="9" m_a="1.000000" m_b="0.000000" m_c="0.000000" m_d="1.000000" m_tx="0.000000" m_ty="0.000000"/>
  </frame>
  <frame idx="125" w="110" h="110" x="0.000000" y="0.000000">
   <element name="low" layername="ksfun_gem_damage_low" frame="6" z_index="9" m_a="1.000000" m_b="0.000000" m_c="0.000000" m_d="1.000000" m_tx="0.000000" m_ty="0.000000"/>
  </frame>
  <frame idx="150" w="110" h="110" x="0.000000" y="0.000000">
   <element name="low" layername="ksfun_gem_damage_low" frame="6" z_index="9" m_a="1.000000" m_b="0.000000" m_c="0.000000" m_d="1.000000" m_tx="0.000000" m_ty="0.000000"/>
  </frame>
  <frame idx="175" w="110" h="110" x="0.000000" y="0.000000">
   <element name="low" layername="ksfun_gem_damage_low" frame="6" z_index="9" m_a="1.000000" m_b="0.000000" m_c="0.000000" m_d="1.000000" m_tx="0.000000" m_ty="0.000000"/>
  </frame>
 </anim>
 <anim name="item_chop" root="ksfun_power_gem" numframes="200" framerate="40">
  <frame idx="0" w="2" h="0" x="0.000000" y="0.000000"/>
  <frame idx="25" w="2" h="0" x="0.000000" y="0.000000"/>
  <frame idx="50" w="2" h="0" x="0.000000" y="0.000000"/>
  <frame idx="75" w="2" h="0" x="0.000000" y="0.000000"/>
  <frame idx="100" w="2" h="0" x="0.000000" y="0.000000"/>
  <frame idx="125" w="2" h="0" x="0.000000" y="0.000000"/>
  <frame idx="150" w="110" h="110" x="0.000000" y="0.000000">
   <element name="low" layername="ksfun_gem_chop" frame="7" z_index="9" m_a="1.000000" m_b="0.000000" m_c="0.000000" m_d="1.000000" m_tx="0.000000" m_ty="0.000000"/>
  </frame>
  <frame idx="175" w="110" h="110" x="0.000000" y="0.000000">
   <element name="low" layername="ksfun_gem_chop" frame="7" z_index="9" m_a="1.000000" m_b="0.000000" m_c="0.000000" m_d="1.000000" m_tx="0.000000" m_ty="0.000000"/>
  </frame>
 </anim>
</Anims>
