<Anims>
 <anim name="idle" root="ksfun_task_reel" numframes="200" framerate="40">
  <frame idx="0" w="215" h="236" x="5.940598" y="-13.861397">
   <element name="images" layername="ksfun_task_reel" frame="0" z_index="1" m_a="1.000000" m_b="0.000000" m_c="0.000000" m_d="1.000000" m_tx="0.000000" m_ty="0.000000"/>
  </frame>
  <frame idx="25" w="215" h="236" x="5.940598" y="-13.861397">
   <element name="images" layername="ksfun_task_reel" frame="0" z_index="1" m_a="1.000000" m_b="0.000000" m_c="0.000000" m_d="1.000000" m_tx="0.000000" m_ty="0.000000"/>
  </frame>
  <frame idx="50" w="215" h="236" x="5.940598" y="-13.861397">
   <element name="images" layername="ksfun_task_reel" frame="0" z_index="1" m_a="1.000000" m_b="0.000000" m_c="0.000000" m_d="1.000000" m_tx="0.000000" m_ty="0.000000"/>
  </frame>
  <frame idx="75" w="215" h="236" x="5.940598" y="-13.861397">
   <element name="images" layername="ksfun_task_reel" frame="0" z_index="1" m_a="1.000000" m_b="0.000000" m_c="0.000000" m_d="1.000000" m_tx="0.000000" m_ty="0.000000"/>
  </frame>
  <frame idx="100" w="215" h="236" x="5.940598" y="-13.861397">
   <element name="images" layername="ksfun_task_reel" frame="0" z_index="1" m_a="1.000000" m_b="0.000000" m_c="0.000000" m_d="1.000000" m_tx="0.000000" m_ty="0.000000"/>
  </frame>
  <frame idx="125" w="215" h="236" x="5.940598" y="-13.861397">
   <element name="images" layername="ksfun_task_reel" frame="0" z_index="1" m_a="1.000000" m_b="0.000000" m_c="0.000000" m_d="1.000000" m_tx="0.000000" m_ty="0.000000"/>
  </frame>
  <frame idx="150" w="215" h="236" x="5.940598" y="-13.861397">
   <element name="images" layername="ksfun_task_reel" frame="0" z_index="1" m_a="1.000000" m_b="0.000000" m_c="0.000000" m_d="1.000000" m_tx="0.000000" m_ty="0.000000"/>
  </frame>
  <frame idx="175" w="215" h="236" x="5.940598" y="-13.861397">
   <element name="images" layername="ksfun_task_reel" frame="0" z_index="1" m_a="1.000000" m_b="0.000000" m_c="0.000000" m_d="1.000000" m_tx="0.000000" m_ty="0.000000"/>
  </frame>
 </anim>
</Anims>
